0,1687242625656,0,1687242625656,0,1687242625621,0,1687242625621
0,1687242625711,0,1687242625712,0,1687242625674,0,1687242625676
0,1687242625766,0,1687242625768,0,1687242625731,0,1687242625732
0,1687242625823,0,1687242625824,0,1687242625786,0,1687242625787
0,1687242625878,0,1687242625879,0,1687242625841,0,1687242625843
0,1687242625934,0,1687242625936,0,1687242625897,0,1687242625899
0,1687242625990,0,1687242625991,0,1687242625953,0,1687242625955
0,1687242626047,0,1687242626046,0,1687242626008,0,1687242626015
0,1687242626101,0,1687242626102,0,1687242626064,0,1687242626065
0,1687242626157,0,1687242626158,0,1687242626119,0,1687242626122
0,1687242626213,0,1687242626214,0,1687242626175,0,1687242626177
0,1687242626267,0,1687242626270,0,1687242626232,0,1687242626233
0,1687242626323,0,1687242626325,0,1687242626287,0,1687242626289
0,1687242626379,0,1687242626381,0,1687242626343,0,1687242626344
0,1687242626435,0,1687242626436,0,1687242626398,0,1687242626401
0,1687242626491,0,1687242626492,0,1687242626454,0,1687242626456
0,1687242626546,0,1687242626546,0,1687242626510,0,1687242626512
0,1687242626602,0,1687242626602,0,1687242626565,0,1687242626567
0,1687242626658,0,1687242626658,0,1687242626621,0,1687242626622
0,1687242626714,0,1687242626713,0,1687242626676,0,1687242626679
0,1687242626769,0,1687242626769,0,1687242626732,0,1687242626735
0,1687242626825,0,1687242626825,0,1687242626788,0,1687242626790
0,1687242626881,0,1687242626881,0,1687242626843,0,1687242626845
0,1687242626936,0,1687242626937,0,1687242626899,0,1687242626901
0,1687242626992,0,1687242626994,0,1687242626954,0,1687242626957
0,1687242627047,0,1687242627049,0,1687242627011,0,1687242627013
0,1687242627103,0,1687242627105,0,1687242627066,0,1687242627069
0,1687242627159,0,1687242627160,0,1687242627122,0,1687242627124
0,1687242627215,0,1687242627216,0,1687242627177,0,1687242627180
0,1687242627271,0,1687242627272,0,1687242627234,0,1687242627235
0,1687242627327,0,1687242627328,0,1687242627289,0,1687242627291
0,1687242627382,0,1687242627383,0,1687242627345,0,1687242627346
0,1687242627438,0,1687242627439,0,1687242627400,0,1687242627402
0,1687242627493,0,1687242627494,0,1687242627456,0,1687242627458
0,1687242627549,0,1687242627550,0,1687242627512,0,1687242627514
0,1687242627604,0,1687242627606,0,1687242627568,0,1687242627570
0,1687242627660,0,1687242627662,0,1687242627623,0,1687242627625
0,1687242627716,0,1687242627717,0,1687242627679,0,1687242627681
0,1687242627772,0,1687242627773,0,1687242627734,0,1687242627737
0,1687242627827,0,1687242627829,0,1687242627791,0,1687242627792
0,1687242627883,0,1687242627884,0,1687242627846,0,1687242627848
0,1687242627939,0,1687242627940,0,1687242627902,0,1687242627903
0,1687242627994,0,1687242627995,0,1687242627957,0,1687242627960
0,1687242628051,0,1687242628050,0,1687242628013,0,1687242628015
0,1687242628106,0,1687242628106,0,1687242628069,0,1687242628071
0,1687242628162,0,1687242628162,0,1687242628124,0,1687242628126
0,1687242628217,0,1687242628217,0,1687242628180,0,1687242628182
0,1687242628273,0,1687242628273,0,1687242628235,0,1687242628241
0,1687242628328,0,1687242628329,0,1687242628292,0,1687242628294
0,1687242628384,0,1687242628384,0,1687242628348,0,1687242628349
0,1687242628441,0,1687242628440,0,1687242628403,0,1687242628405
0,1687242628496,0,1687242628495,0,1687242628458,0,1687242628461
0,1687242628551,0,1687242628552,0,1687242628514,0,1687242628516
0,1687242628607,0,1687242628607,0,1687242628571,0,1687242628572
0,1687242628662,0,1687242628663,0,1687242628626,0,1687242628627
0,1687242628718,0,1687242628718,0,1687242628682,0,1687242628684
0,1687242628774,0,1687242628774,0,1687242628737,0,1687242628739
0,1687242628830,0,1687242628830,0,1687242628793,0,1687242628795
0,1687242628885,0,1687242628885,0,1687242628849,0,1687242628851
0,1687242628941,0,1687242628945,0,1687242628905,0,1687242628906
0,1687242628997,0,1687242628998,0,1687242628960,0,1687242628961
0,1687242629053,0,1687242629054,0,1687242629015,0,1687242629018
0,1687242629108,0,1687242629110,0,1687242629071,0,1687242629073
0,1687242629164,1,1687242629164,0,1687242629128,0,1687242629129
0,1687242629220,1,1687242629220,0,1687242629183,0,1687242629184
0,1687242629275,1,1687242629275,0,1687242629238,0,1687242629241
0,1687242629331,1,1687242629331,0,1687242629295,0,1687242629296
0,1687242629386,1,1687242629387,0,1687242629350,0,1687242629352
0,1687242629443,1,1687242629442,0,1687242629406,0,1687242629407
0,1687242629498,1,1687242629498,0,1687242629462,0,1687242629463
0,1687242629554,1,1687242629553,0,1687242629516,0,1687242629519
0,1687242629610,1,1687242629610,0,1687242629573,0,1687242629575
0,1687242629665,1,1687242629666,0,1687242629629,0,1687242629631
0,1687242629721,1,1687242629721,0,1687242629684,0,1687242629686
0,1687242629777,1,1687242629776,0,1687242629739,0,1687242629742
0,1687242629833,1,1687242629833,0,1687242629795,0,1687242629798
0,1687242629888,1,1687242629888,0,1687242629851,0,1687242629853
0,1687242629943,1,1687242629944,0,1687242629907,0,1687242629909
0,1687242630000,1,1687242630000,0,1687242629963,0,1687242629964
0,1687242630056,1,1687242630055,0,1687242630018,0,1687242630020
0,1687242630111,1,1687242630111,0,1687242630074,0,1687242630076
0,1687242630166,1,1687242630167,0,1687242630130,0,1687242630132
0,1687242630222,1,1687242630222,0,1687242630186,0,1687242630187
0,1687242630278,1,1687242630278,0,1687242630241,0,1687242630243
0,1687242630334,1,1687242630333,0,1687242630296,0,1687242630299
0,1687242630390,1,1687242630389,0,1687242630353,0,1687242630355
0,1687242630445,1,1687242630445,0,1687242630408,0,1687242630410
0,1687242630501,1,1687242630501,0,1687242630464,0,1687242630465
0,1687242630556,1,1687242630556,0,1687242630519,0,1687242630522
0,1687242630612,1,1687242630612,0,1687242630575,0,1687242630578
0,1687242630667,1,1687242630669,0,1687242630631,0,1687242630633
0,1687242630723,1,1687242630724,0,1687242630687,0,1687242630688
0,1687242630779,1,1687242630779,0,1687242630743,0,1687242630744
0,1687242630835,1,1687242630835,0,1687242630798,0,1687242630800
0,1687242630891,1,1687242630890,0,1687242630854,0,1687242630856
0,1687242630946,1,1687242630946,0,1687242630910,0,1687242630912
0,1687242631002,1,1687242631002,0,1687242630965,0,1687242630967
0,1687242631058,1,1687242631058,0,1687242631021,0,1687242631022
0,1687242631113,1,1687242631113,0,1687242631077,0,1687242631079
0,1687242631169,1,1687242631169,0,1687242631132,0,1687242631134
0,1687242631224,1,1687242631225,0,1687242631188,0,1687242631190
0,1687242631281,1,1687242631281,0,1687242631244,0,1687242631245
0,1687242631336,1,1687242631336,0,1687242631299,0,1687242631301
0,1687242631392,1,1687242631392,0,1687242631355,0,1687242631357
0,1687242631447,1,1687242631447,0,1687242631411,0,1687242631413
0,1687242631503,1,1687242631503,0,1687242631467,0,1687242631468
0,1687242631559,1,1687242631558,0,1687242631522,0,1687242631524
0,1687242631614,1,1687242631614,0,1687242631577,0,1687242631580
0,1687242631670,1,1687242631671,0,1687242631634,0,1687242631635
0,1687242631725,1,1687242631727,0,1687242631692,0,1687242631691
0,1687242631782,1,1687242631785,0,1687242631745,0,1687242631746
0,1687242631837,1,1687242631837,0,1687242631800,0,1687242631802
0,1687242631893,1,1687242631892,0,1687242631855,0,1687242631858
0,1687242631949,1,1687242631949,0,1687242631912,0,1687242631914
0,1687242632004,1,1687242632005,0,1687242631968,0,1687242631970
0,1687242632060,1,1687242632060,0,1687242632023,0,1687242632025
0,1687242632116,1,1687242632115,0,1687242632079,0,1687242632082
0,1687242632172,1,1687242632172,0,1687242632135,0,1687242632138
0,1687242632227,1,1687242632227,0,1687242632191,0,1687242632192
0,1687242632282,1,1687242632283,0,1687242632246,0,1687242632248
0,1687242632339,1,1687242632338,0,1687242632302,0,1687242632303
0,1687242632394,1,1687242632394,0,1687242632357,0,1687242632359
0,1687242632450,1,1687242632450,0,1687242632413,0,1687242632415
0,1687242632505,1,1687242632506,0,1687242632470,0,1687242632471
0,1687242632561,1,1687242632561,0,1687242632524,0,1687242632526
0,1687242632617,1,1687242632617,0,1687242632580,0,1687242632582
0,1687242632673,0,1687242632673,0,1687242632635,0,1687242632638
0,1687242632728,0,1687242632729,0,1687242632692,0,1687242632694
0,1687242632784,0,1687242632784,0,1687242632748,0,1687242632749
0,1687242632840,0,1687242632840,0,1687242632803,0,1687242632804
0,1687242632895,0,1687242632895,0,1687242632858,0,1687242632861
0,1687242632951,0,1687242632952,0,1687242632914,0,1687242632916
0,1687242633006,0,1687242633007,0,1687242632970,0,1687242632972
0,1687242633062,0,1687242633063,0,1687242633026,0,1687242633027
0,1687242633118,0,1687242633118,0,1687242633082,0,1687242633083
0,1687242633174,0,1687242633174,0,1687242633137,0,1687242633139
0,1687242633230,0,1687242633230,0,1687242633193,0,1687242633195
0,1687242633284,0,1687242633286,0,1687242633248,0,1687242633251
0,1687242633341,0,1687242633342,0,1687242633304,0,1687242633305
0,1687242633396,0,1687242633396,0,1687242633359,0,1687242633362
0,1687242633453,0,1687242633453,0,1687242633415,0,1687242633417
0,1687242633509,0,1687242633508,0,1687242633471,0,1687242633473
0,1687242633564,0,1687242633564,0,1687242633527,0,1687242633529
0,1687242633621,0,1687242633620,0,1687242633583,0,1687242633584
0,1687242633676,0,1687242633675,0,1687242633638,0,1687242633641
0,1687242633732,0,1687242633731,0,1687242633697,0,1687242633696
0,1687242633787,0,1687242633787,0,1687242633750,0,1687242633752
0,1687242633842,0,1687242633843,0,1687242633806,0,1687242633807
0,1687242633898,0,1687242633898,0,1687242633861,0,1687242633863
0,1687242633957,0,1687242633953,0,1687242633916,0,1687242633920
0,1687242634010,0,1687242634010,0,1687242633973,0,1687242633975
0,1687242634064,0,1687242634065,0,1687242634028,0,1687242634031
0,1687242634120,0,1687242634121,0,1687242634084,0,1687242634085
0,1687242634176,0,1687242634176,0,1687242634139,0,1687242634141
0,1687242634232,0,1687242634232,0,1687242634195,0,1687242634197
0,1687242634287,0,1687242634288,0,1687242634251,0,1687242634253
0,1687242634343,0,1687242634344,0,1687242634307,0,1687242634309
0,1687242634399,0,1687242634399,0,1687242634363,0,1687242634364
0,1687242634454,0,1687242634455,0,1687242634418,0,1687242634420
0,1687242634510,0,1687242634511,0,1687242634474,0,1687242634475
0,1687242634565,0,1687242634566,0,1687242634530,0,1687242634531
0,1687242634622,0,1687242634622,0,1687242634585,0,1687242634586
0,1687242634678,0,1687242634678,0,1687242634641,0,1687242634643
0,1687242634733,0,1687242634733,0,1687242634696,0,1687242634699
0,1687242634788,0,1687242634789,0,1687242634752,0,1687242634754
0,1687242634844,0,1687242634845,0,1687242634808,0,1687242634810
0,1687242634901,0,1687242634901,1,1687242634864,0,1687242634865
0,1687242634956,0,1687242634956,1,1687242634919,0,1687242634921
0,1687242635011,0,1687242635012,1,1687242634975,0,1687242634976
0,1687242635067,0,1687242635068,1,1687242635031,0,1687242635033
0,1687242635123,0,1687242635123,1,1687242635086,0,1687242635088
0,1687242635179,0,1687242635179,1,1687242635142,0,1687242635144
0,1687242635234,0,1687242635234,1,1687242635197,0,1687242635200
0,1687242635290,0,1687242635291,1,1687242635253,0,1687242635256
0,1687242635345,0,1687242635346,1,1687242635309,0,1687242635313
0,1687242635401,0,1687242635402,1,1687242635365,0,1687242635366
0,1687242635457,0,1687242635457,1,1687242635420,0,1687242635422
0,1687242635513,0,1687242635513,1,1687242635476,0,1687242635479
0,1687242635568,0,1687242635569,1,1687242635532,0,1687242635534
0,1687242635624,0,1687242635625,1,1687242635588,0,1687242635590
0,1687242635680,0,1687242635680,1,1687242635644,0,1687242635645
0,1687242635736,0,1687242635736,1,1687242635699,0,1687242635701
0,1687242635792,0,1687242635793,1,1687242635757,0,1687242635757
0,1687242635846,0,1687242635849,1,1687242635811,0,1687242635813
0,1687242635903,0,1687242635905,1,1687242635866,0,1687242635868
0,1687242635959,0,1687242635963,1,1687242635922,0,1687242635923
0,1687242636014,0,1687242636016,1,1687242635977,0,1687242635980
0,1687242636070,0,1687242636072,1,1687242636034,0,1687242636035
0,1687242636125,0,1687242636127,1,1687242636089,0,1687242636091
0,1687242636182,0,1687242636183,1,1687242636145,0,1687242636146
0,1687242636237,0,1687242636238,1,1687242636200,0,1687242636202
0,1687242636292,0,1687242636294,1,1687242636255,0,1687242636258
0,1687242636348,0,1687242636350,1,1687242636312,0,1687242636314
0,1687242636404,0,1687242636406,1,1687242636368,0,1687242636369
0,1687242636460,0,1687242636461,1,1687242636423,0,1687242636424
0,1687242636515,0,1687242636517,1,1687242636478,0,1687242636481
0,1687242636572,0,1687242636573,1,1687242636535,0,1687242636536
0,1687242636626,0,1687242636628,1,1687242636590,0,1687242636592
0,1687242636682,0,1687242636684,1,1687242636646,0,1687242636647
0,1687242636739,0,1687242636740,1,1687242636702,0,1687242636703
0,1687242636794,0,1687242636795,1,1687242636757,0,1687242636759
0,1687242636850,0,1687242636851,1,1687242636813,0,1687242636815
0,1687242636905,0,1687242636907,1,1687242636869,0,1687242636871
0,1687242636961,0,1687242636963,1,1687242636924,0,1687242636926
0,1687242637017,0,1687242637018,1,1687242636980,0,1687242636982
0,1687242637073,0,1687242637072,0,1687242637035,0,1687242637038
0,1687242637128,0,1687242637130,0,1687242637092,0,1687242637093
0,1687242637183,0,1687242637185,0,1687242637147,0,1687242637153
0,1687242637240,0,1687242637242,0,1687242637203,0,1687242637204
0,1687242637295,0,1687242637295,0,1687242637258,0,1687242637261
0,1687242637351,0,1687242637351,0,1687242637314,0,1687242637316
0,1687242637406,0,1687242637407,0,1687242637370,0,1687242637372
0,1687242637462,0,1687242637462,0,1687242637426,0,1687242637427
0,1687242637518,1,1687242637518,0,1687242637481,0,1687242637483
0,1687242637574,1,1687242637573,0,1687242637536,0,1687242637539
0,1687242637629,1,1687242637630,0,1687242637594,0,1687242637595
0,1687242637685,1,1687242637687,0,1687242637648,0,1687242637650
0,1687242637741,1,1687242637743,0,1687242637704,0,1687242637705
0,1687242637796,1,1687242637798,0,1687242637759,0,1687242637761
0,1687242637852,1,1687242637854,0,1687242637815,0,1687242637818
0,1687242637907,1,1687242637910,0,1687242637872,0,1687242637873
0,1687242637963,1,1687242637965,0,1687242637927,0,1687242637929
0,1687242638023,1,1687242638021,0,1687242637984,0,1687242637984
0,1687242638076,1,1687242638076,0,1687242638038,0,1687242638040
0,1687242638131,1,1687242638132,0,1687242638094,0,1687242638096
0,1687242638186,1,1687242638188,0,1687242638149,0,1687242638151
0,1687242638242,1,1687242638242,0,1687242638205,0,1687242638207
0,1687242638298,1,1687242638297,0,1687242638261,0,1687242638262
0,1687242638354,1,1687242638353,0,1687242638316,0,1687242638319
0,1687242638409,0,1687242638410,0,1687242638374,0,1687242638374
0,1687242638464,0,1687242638465,0,1687242638428,0,1687242638430
0,1687242638521,0,1687242638521,0,1687242638484,0,1687242638485
0,1687242638577,0,1687242638576,0,1687242638539,0,1687242638541
0,1687242638632,0,1687242638633,0,1687242638595,0,1687242638597
0,1687242638687,0,1687242638688,0,1687242638651,0,1687242638653
0,1687242638743,0,1687242638743,0,1687242638707,0,1687242638708
0,1687242638799,0,1687242638799,0,1687242638762,0,1687242638764
0,1687242638855,0,1687242638854,0,1687242638817,0,1687242638820
0,1687242638911,0,1687242638911,0,1687242638874,0,1687242638875
0,1687242638966,0,1687242638966,0,1687242638929,0,1687242638931
0,1687242639022,0,1687242639022,0,1687242638985,0,1687242638987
0,1687242639078,0,1687242639077,0,1687242639040,0,1687242639042
0,1687242639134,0,1687242639133,0,1687242639096,0,1687242639098
0,1687242639189,0,1687242639189,0,1687242639152,0,1687242639154
0,1687242639244,0,1687242639245,0,1687242639208,0,1687242639210
0,1687242639300,0,1687242639301,0,1687242639264,0,1687242639265
0,1687242639356,0,1687242639356,0,1687242639318,0,1687242639321
0,1687242639412,0,1687242639412,0,1687242639374,0,1687242639377
0,1687242639467,0,1687242639468,0,1687242639431,0,1687242639432
0,1687242639523,0,1687242639523,0,1687242639487,0,1687242639488
0,1687242639579,0,1687242639580,0,1687242639542,0,1687242639543
0,1687242639634,0,1687242639635,0,1687242639597,0,1687242639600
0,1687242639691,0,1687242639692,0,1687242639653,0,1687242639655
0,1687242639745,0,1687242639747,0,1687242639709,0,1687242639711
0,1687242639802,0,1687242639804,0,1687242639765,0,1687242639766
0,1687242639858,0,1687242639858,0,1687242639820,0,1687242639822
0,1687242639914,0,1687242639914,0,1687242639876,0,1687242639878
0,1687242639968,0,1687242639970,0,1687242639933,0,1687242639934
0,1687242640024,0,1687242640026,0,1687242639987,0,1687242639990
0,1687242640080,0,1687242640082,0,1687242640044,0,1687242640045
0,1687242640136,0,1687242640137,0,1687242640099,0,1687242640101
0,1687242640191,0,1687242640193,0,1687242640155,0,1687242640156
0,1687242640247,0,1687242640249,0,1687242640210,0,1687242640212
0,1687242640302,0,1687242640304,0,1687242640266,0,1687242640268
0,1687242640359,0,1687242640360,0,1687242640322,0,1687242640323
0,1687242640414,0,1687242640415,0,1687242640377,0,1687242640380
0,1687242640470,0,1687242640472,0,1687242640433,0,1687242640435
0,1687242640525,0,1687242640527,0,1687242640489,0,1687242640491
0,1687242640582,0,1687242640583,0,1687242640545,0,1687242640546
0,1687242640637,0,1687242640638,0,1687242640600,0,1687242640602
0,1687242640693,0,1687242640694,0,1687242640655,0,1687242640658
0,1687242640748,1,1687242640750,0,1687242640712,0,1687242640714
0,1687242640803,1,1687242640806,0,1687242640767,0,1687242640769
0,1687242640860,1,1687242640861,0,1687242640823,0,1687242640824
0,1687242640915,1,1687242640915,0,1687242640878,0,1687242640881
0,1687242640972,1,1687242640971,0,1687242640935,0,1687242640936
0,1687242641026,1,1687242641027,0,1687242640990,0,1687242640992
0,1687242641082,1,1687242641083,0,1687242641046,0,1687242641047
0,1687242641139,1,1687242641138,0,1687242641101,0,1687242641103
0,1687242641194,1,1687242641194,0,1687242641157,0,1687242641159
0,1687242641250,1,1687242641250,0,1687242641213,0,1687242641215
0,1687242641305,1,1687242641305,0,1687242641268,0,1687242641271
0,1687242641362,1,1687242641361,0,1687242641324,0,1687242641329
0,1687242641417,1,1687242641416,0,1687242641379,0,1687242641384
0,1687242641472,1,1687242641473,0,1687242641435,0,1687242641440
0,1687242641527,1,1687242641529,0,1687242641491,0,1687242641496
0,1687242641583,1,1687242641584,0,1687242641547,0,1687242641552
0,1687242641640,1,1687242641640,0,1687242641603,0,1687242641611
0,1687242641695,1,1687242641695,0,1687242641658,0,1687242641663
0,1687242641751,0,1687242641752,0,1687242641714,0,1687242641719
0,1687242641806,0,1687242641808,0,1687242641770,0,1687242641775
0,1687242641863,0,1687242641864,0,1687242641826,0,1687242641831
0,1687242641918,0,1687242641919,0,1687242641881,0,1687242641886
0,1687242641975,0,1687242641975,0,1687242641937,0,1687242641942
0,1687242642030,0,1687242642031,0,1687242641993,0,1687242641998
0,1687242642085,0,1687242642087,0,1687242642048,0,1687242642053
0,1687242642141,0,1687242642142,0,1687242642104,0,1687242642109
0,1687242642197,0,1687242642197,0,1687242642159,0,1687242642164
0,1687242642252,0,1687242642253,0,1687242642215,0,1687242642220
0,1687242642307,0,1687242642308,0,1687242642271,0,1687242642276
0,1687242642363,0,1687242642364,0,1687242642326,0,1687242642332
0,1687242642419,0,1687242642419,0,1687242642383,0,1687242642387
0,1687242642475,0,1687242642475,0,1687242642438,0,1687242642442
0,1687242642531,0,1687242642531,0,1687242642494,0,1687242642498
0,1687242642586,0,1687242642586,0,1687242642550,0,1687242642554
0,1687242642642,0,1687242642642,0,1687242642605,0,1687242642610
0,1687242642698,0,1687242642697,0,1687242642660,0,1687242642665
0,1687242642753,0,1687242642753,0,1687242642716,0,1687242642722
0,1687242642809,0,1687242642809,0,1687242642772,0,1687242642777
0,1687242642864,0,1687242642865,1,1687242642828,0,1687242642833
0,1687242642921,0,1687242642921,1,1687242642884,0,1687242642888
0,1687242642976,0,1687242642976,1,1687242642939,0,1687242642944
0,1687242643032,0,1687242643032,1,1687242642994,0,1687242643000
0,1687242643087,0,1687242643088,1,1687242643051,0,1687242643056
0,1687242643143,0,1687242643143,1,1687242643106,0,1687242643111
0,1687242643199,0,1687242643199,1,1687242643162,0,1687242643166
0,1687242643255,0,1687242643254,1,1687242643217,0,1687242643222
0,1687242643311,0,1687242643311,1,1687242643273,0,1687242643279
0,1687242643366,0,1687242643366,1,1687242643329,0,1687242643334
0,1687242643423,0,1687242643422,1,1687242643385,0,1687242643390
0,1687242643477,0,1687242643477,1,1687242643440,0,1687242643445
0,1687242643534,0,1687242643534,1,1687242643496,0,1687242643501
0,1687242643588,0,1687242643590,1,1687242643552,0,1687242643557
0,1687242643644,0,1687242643646,1,1687242643607,0,1687242643613
0,1687242643700,0,1687242643702,1,1687242643663,0,1687242643668
0,1687242643756,0,1687242643755,1,1687242643718,0,1687242643723
0,1687242643812,1,1687242643812,1,1687242643775,0,1687242643780
0,1687242643867,1,1687242643868,1,1687242643831,0,1687242643839
0,1687242643923,1,1687242643923,1,1687242643886,0,1687242643891
0,1687242643979,1,1687242643978,1,1687242643942,0,1687242643946
0,1687242644034,1,1687242644034,1,1687242643997,0,1687242644002
0,1687242644090,1,1687242644090,1,1687242644053,0,1687242644058
0,1687242644145,1,1687242644146,1,1687242644109,0,1687242644114
0,1687242644201,1,1687242644204,1,1687242644164,0,1687242644169
0,1687242644257,1,1687242644258,1,1687242644220,0,1687242644225
0,1687242644313,1,1687242644314,1,1687242644275,0,1687242644281
0,1687242644368,1,1687242644370,1,1687242644332,0,1687242644337
0,1687242644424,1,1687242644426,1,1687242644387,0,1687242644392
0,1687242644480,0,1687242644481,1,1687242644443,0,1687242644448
0,1687242644536,0,1687242644537,1,1687242644498,0,1687242644503
0,1687242644591,0,1687242644592,1,1687242644555,0,1687242644560
0,1687242644646,0,1687242644647,1,1687242644610,0,1687242644615
0,1687242644702,0,1687242644703,1,1687242644665,0,1687242644671
0,1687242644758,0,1687242644758,1,1687242644721,0,1687242644726
0,1687242644814,0,1687242644813,1,1687242644776,0,1687242644782
0,1687242644869,0,1687242644870,1,1687242644833,0,1687242644838
0,1687242644925,0,1687242644926,1,1687242644888,0,1687242644894
0,1687242644981,0,1687242644981,1,1687242644944,0,1687242644949
0,1687242645037,0,1687242645036,1,1687242644999,0,1687242645005
0,1687242645092,0,1687242645092,1,1687242645055,0,1687242645061
0,1687242645148,0,1687242645149,1,1687242645111,0,1687242645116
0,1687242645203,0,1687242645204,1,1687242645167,0,1687242645172
0,1687242645259,0,1687242645260,1,1687242645222,0,1687242645227
0,1687242645315,0,1687242645316,1,1687242645278,0,1687242645283
0,1687242645371,0,1687242645371,1,1687242645334,0,1687242645339
0,1687242645426,0,1687242645426,1,1687242645390,0,1687242645395
0,1687242645482,0,1687242645482,1,1687242645445,0,1687242645450
0,1687242645538,0,1687242645538,1,1687242645501,0,1687242645506
0,1687242645594,0,1687242645593,1,1687242645556,0,1687242645562
0,1687242645650,0,1687242645650,1,1687242645612,0,1687242645617
0,1687242645705,0,1687242645705,1,1687242645668,0,1687242645673
0,1687242645761,0,1687242645761,1,1687242645724,0,1687242645729
0,1687242645816,0,1687242645816,1,1687242645779,0,1687242645784
0,1687242645872,0,1687242645873,1,1687242645835,0,1687242645837
0,1687242645927,0,1687242645928,1,1687242645891,0,1687242645893
0,1687242645983,0,1687242645984,1,1687242645947,0,1687242645949
0,1687242646039,0,1687242646040,1,1687242646002,0,1687242646004
0,1687242646094,0,1687242646095,1,1687242646057,0,1687242646060
0,1687242646150,0,1687242646151,1,1687242646114,0,1687242646116
0,1687242646206,0,1687242646206,1,1687242646169,0,1687242646172
0,1687242646262,0,1687242646262,1,1687242646225,0,1687242646231
0,1687242646318,0,1687242646318,1,1687242646281,0,1687242646282
0,1687242646374,0,1687242646373,1,1687242646336,0,1687242646339
0,1687242646429,0,1687242646429,1,1687242646392,0,1687242646394
0,1687242646484,0,1687242646485,1,1687242646448,0,1687242646450
0,1687242646540,0,1687242646540,1,1687242646503,0,1687242646505
0,1687242646596,0,1687242646596,1,1687242646559,0,1687242646561
0,1687242646652,0,1687242646652,1,1687242646615,0,1687242646617
0,1687242646707,0,1687242646708,1,1687242646671,0,1687242646673
0,1687242646763,0,1687242646763,1,1687242646726,0,1687242646729
0,1687242646819,0,1687242646819,1,1687242646782,0,1687242646783
0,1687242646875,0,1687242646874,1,1687242646837,0,1687242646840
0,1687242646930,0,1687242646930,1,1687242646894,0,1687242646895
0,1687242646985,0,1687242646986,1,1687242646949,0,1687242646951
0,1687242647042,0,1687242647042,1,1687242647005,0,1687242647006
0,1687242647097,0,1687242647097,1,1687242647060,0,1687242647062
0,1687242647153,0,1687242647153,1,1687242647116,0,1687242647119
0,1687242647208,0,1687242647210,1,1687242647172,0,1687242647174
0,1687242647264,0,1687242647265,1,1687242647228,0,1687242647229
0,1687242647320,0,1687242647320,1,1687242647283,0,1687242647285
0,1687242647376,0,1687242647376,1,1687242647339,0,1687242647342
0,1687242647431,0,1687242647432,1,1687242647395,0,1687242647397
0,1687242647487,0,1687242647488,1,1687242647450,0,1687242647452
0,1687242647543,0,1687242647543,1,1687242647506,0,1687242647508
0,1687242647599,0,1687242647598,1,1687242647562,0,1687242647563
0,1687242647654,0,1687242647654,1,1687242647617,0,1687242647620
0,1687242647710,0,1687242647710,1,1687242647673,0,1687242647675
0,1687242647765,0,1687242647766,1,1687242647730,0,1687242647731
0,1687242647821,0,1687242647821,1,1687242647784,0,1687242647786
0,1687242647878,0,1687242647877,1,1687242647840,0,1687242647845
0,1687242647933,0,1687242647932,1,1687242647896,0,1687242647898
0,1687242647988,0,1687242647989,1,1687242647952,0,1687242647954
0,1687242648044,0,1687242648044,1,1687242648008,0,1687242648009
0,1687242648100,0,1687242648100,1,1687242648064,0,1687242648065
0,1687242648155,0,1687242648155,1,1687242648118,0,1687242648121
0,1687242648212,0,1687242648211,1,1687242648174,0,1687242648176
0,1687242648266,0,1687242648267,1,1687242648230,0,1687242648232
0,1687242648323,0,1687242648323,1,1687242648286,0,1687242648288
0,1687242648379,0,1687242648378,1,1687242648342,0,1687242648343
0,1687242648434,0,1687242648434,1,1687242648397,0,1687242648399
0,1687242648490,0,1687242648490,1,1687242648453,0,1687242648455
0,1687242648545,0,1687242648546,0,1687242648509,0,1687242648511
0,1687242648601,0,1687242648602,0,1687242648564,0,1687242648566
0,1687242648657,0,1687242648657,0,1687242648620,0,1687242648621
0,1687242648712,0,1687242648713,0,1687242648675,0,1687242648678
0,1687242648767,0,1687242648769,0,1687242648732,0,1687242648733
0,1687242648823,0,1687242648824,0,1687242648787,0,1687242648789
0,1687242648880,0,1687242648880,0,1687242648843,0,1687242648846
0,1687242648935,0,1687242648935,0,1687242648898,0,1687242648901
0,1687242648991,0,1687242648992,0,1687242648954,0,1687242648956
0,1687242649046,0,1687242649047,0,1687242649010,0,1687242649012
0,1687242649103,0,1687242649102,0,1687242649066,0,1687242649067
0,1687242649158,0,1687242649159,0,1687242649122,0,1687242649123
0,1687242649213,0,1687242649213,0,1687242649176,0,1687242649179
0,1687242649269,0,1687242649271,0,1687242649233,0,1687242649236
0,1687242649324,0,1687242649327,0,1687242649289,0,1687242649290
0,1687242649381,0,1687242649382,0,1687242649344,0,1687242649346
0,1687242649436,0,1687242649438,0,1687242649399,0,1687242649402
0,1687242649492,0,1687242649494,0,1687242649455,0,1687242649458
0,1687242649547,0,1687242649549,0,1687242649511,0,1687242649513
0,1687242649603,0,1687242649606,0,1687242649567,0,1687242649569
0,1687242649659,0,1687242649661,0,1687242649623,0,1687242649624
0,1687242649715,0,1687242649716,0,1687242649678,0,1687242649680
0,1687242649770,0,1687242649772,0,1687242649734,0,1687242649736
0,1687242649825,0,1687242649828,0,1687242649790,0,1687242649791
0,1687242649882,0,1687242649882,0,1687242649846,0,1687242649847
0,1687242649937,0,1687242649938,0,1687242649901,0,1687242649902
0,1687242649993,0,1687242649993,0,1687242649956,0,1687242649959
0,1687242650048,0,1687242650050,0,1687242650013,0,1687242650014
0,1687242650104,0,1687242650105,0,1687242650068,0,1687242650070
0,1687242650160,0,1687242650161,0,1687242650124,0,1687242650125
0,1687242650219,0,1687242650216,0,1687242650179,0,1687242650182
0,1687242650272,0,1687242650272,0,1687242650235,0,1687242650238
0,1687242650327,0,1687242650328,0,1687242650291,0,1687242650293
0,1687242650383,0,1687242650384,0,1687242650347,0,1687242650349
0,1687242650439,0,1687242650440,0,1687242650402,0,1687242650404
0,1687242650495,0,1687242650494,0,1687242650457,0,1687242650460
0,1687242650550,0,1687242650551,0,1687242650514,0,1687242650516
0,1687242650606,0,1687242650606,0,1687242650569,0,1687242650571
0,1687242650662,0,1687242650662,0,1687242650626,0,1687242650627
0,1687242650717,0,1687242650717,0,1687242650680,0,1687242650685
0,1687242650773,0,1687242650773,0,1687242650736,0,1687242650738
0,1687242650828,0,1687242650829,0,1687242650793,0,1687242650794
0,1687242650884,0,1687242650885,0,1687242650848,0,1687242650850
0,1687242650940,0,1687242650941,0,1687242650903,0,1687242650905
0,1687242650996,1,1687242650996,0,1687242650959,0,1687242650961
0,1687242651052,1,1687242651052,0,1687242651015,0,1687242651017
0,1687242651107,1,1687242651107,0,1687242651071,0,1687242651072
0,1687242651163,1,1687242651163,0,1687242651126,0,1687242651128
0,1687242651219,1,1687242651218,0,1687242651182,0,1687242651183
0,1687242651275,1,1687242651274,0,1687242651237,0,1687242651240
0,1687242651330,1,1687242651330,0,1687242651294,0,1687242651295
0,1687242651385,1,1687242651386,0,1687242651349,0,1687242651351
0,1687242651442,1,1687242651441,0,1687242651405,0,1687242651406
0,1687242651497,1,1687242651497,0,1687242651460,0,1687242651462
0,1687242651553,1,1687242651552,0,1687242651515,0,1687242651518
0,1687242651609,1,1687242651609,0,1687242651572,0,1687242651574
0,1687242651665,1,1687242651665,0,1687242651628,0,1687242651629
0,1687242651720,1,1687242651720,0,1687242651683,0,1687242651684
0,1687242651776,1,1687242651775,0,1687242651738,0,1687242651741
0,1687242651832,0,1687242651832,0,1687242651797,0,1687242651800
0,1687242651887,0,1687242651887,0,1687242651850,0,1687242651852
0,1687242651942,0,1687242651943,0,1687242651906,0,1687242651907
0,1687242651999,0,1687242651998,0,1687242651962,0,1687242651963
0,1687242652054,0,1687242652054,0,1687242652017,0,1687242652019
0,1687242652110,0,1687242652110,0,1687242652073,0,1687242652075
0,1687242652165,0,1687242652166,0,1687242652129,0,1687242652131
0,1687242652222,0,1687242652222,0,1687242652185,0,1687242652186
0,1687242652280,0,1687242652277,0,1687242652239,0,1687242652241
0,1687242652333,0,1687242652333,0,1687242652295,0,1687242652300
0,1687242652388,0,1687242652388,0,1687242652351,0,1687242652353
0,1687242652444,0,1687242652444,0,1687242652407,0,1687242652409
0,1687242652500,0,1687242652500,0,1687242652463,0,1687242652464
0,1687242652556,0,1687242652555,0,1687242652518,0,1687242652521
0,1687242652611,0,1687242652611,0,1687242652574,0,1687242652576
0,1687242652666,0,1687242652667,0,1687242652631,0,1687242652632
0,1687242652723,0,1687242652723,0,1687242652686,0,1687242652687
0,1687242652778,0,1687242652778,0,1687242652742,0,1687242652743
0,1687242652834,0,1687242652833,0,1687242652797,0,1687242652799
0,1687242652889,0,1687242652890,0,1687242652853,0,1687242652855
0,1687242652945,0,1687242652945,0,1687242652909,0,1687242652910
0,1687242653001,0,1687242653005,0,1687242652965,0,1687242652966
0,1687242653057,0,1687242653056,0,1687242653019,0,1687242653022
0,1687242653112,0,1687242653113,0,1687242653075,0,1687242653078
0,1687242653168,0,1687242653168,0,1687242653131,0,1687242653133
0,1687242653223,0,1687242653224,0,1687242653187,0,1687242653189
0,1687242653280,0,1687242653280,0,1687242653243,0,1687242653248
0,1687242653336,0,1687242653335,0,1687242653298,0,1687242653300
0,1687242653391,0,1687242653391,0,1687242653354,0,1687242653356
0,1687242653446,0,1687242653447,0,1687242653410,0,1687242653412
0,1687242653502,0,1687242653502,0,1687242653465,0,1687242653467
0,1687242653558,0,1687242653558,0,1687242653521,0,1687242653523
0,1687242653614,0,1687242653613,0,1687242653576,0,1687242653579
0,1687242653669,0,1687242653670,0,1687242653633,0,1687242653634
0,1687242653726,0,1687242653725,0,1687242653688,0,1687242653690
0,1687242653781,0,1687242653782,0,1687242653744,0,1687242653745
0,1687242653837,0,1687242653836,0,1687242653799,0,1687242653802
0,1687242653892,0,1687242653892,0,1687242653855,0,1687242653857
0,1687242653947,0,1687242653948,0,1687242653912,0,1687242653913
0,1687242654004,0,1687242654004,0,1687242653967,0,1687242653968
0,1687242654059,0,1687242654059,0,1687242654022,0,1687242654024
0,1687242654115,0,1687242654115,0,1687242654078,0,1687242654080
0,1687242654171,0,1687242654171,0,1687242654134,0,1687242654136
0,1687242654226,0,1687242654226,0,1687242654190,0,1687242654191
0,1687242654282,0,1687242654282,0,1687242654245,0,1687242654247
0,1687242654338,0,1687242654338,0,1687242654301,0,1687242654302
0,1687242654394,0,1687242654393,0,1687242654356,0,1687242654358
0,1687242654449,0,1687242654449,0,1687242654412,0,1687242654414
0,1687242654504,0,1687242654505,0,1687242654468,0,1687242654470
0,1687242654560,0,1687242654561,0,1687242654524,0,1687242654525
0,1687242654616,0,1687242654616,0,1687242654579,0,1687242654582
0,1687242654672,0,1687242654672,0,1687242654634,0,1687242654637
0,1687242654727,0,1687242654729,0,1687242654691,0,1687242654693
0,1687242654782,0,1687242654785,0,1687242654747,0,1687242654748
0,1687242654839,0,1687242654841,0,1687242654802,0,1687242654803
0,1687242654894,0,1687242654896,0,1687242654857,0,1687242654860
0,1687242654950,0,1687242654952,0,1687242654913,0,1687242654915
0,1687242655005,0,1687242655007,0,1687242654969,0,1687242654971
0,1687242655061,0,1687242655063,0,1687242655025,0,1687242655026
0,1687242655117,0,1687242655118,0,1687242655080,0,1687242655082
0,1687242655173,0,1687242655174,0,1687242655136,0,1687242655138
0,1687242655228,0,1687242655230,0,1687242655192,0,1687242655194
0,1687242655283,0,1687242655286,0,1687242655248,0,1687242655250
0,1687242655340,0,1687242655342,0,1687242655303,0,1687242655305
0,1687242655395,0,1687242655397,0,1687242655359,0,1687242655361
0,1687242655451,0,1687242655453,0,1687242655414,0,1687242655417
0,1687242655506,0,1687242655509,0,1687242655470,0,1687242655472
0,1687242655562,0,1687242655564,0,1687242655526,0,1687242655528
0,1687242655618,0,1687242655620,0,1687242655582,0,1687242655585
0,1687242655674,0,1687242655676,0,1687242655637,0,1687242655639
0,1687242655729,0,1687242655731,0,1687242655693,0,1687242655698
0,1687242655785,0,1687242655787,0,1687242655749,0,1687242655751
0,1687242655841,0,1687242655843,0,1687242655805,0,1687242655806
0,1687242655897,0,1687242655898,0,1687242655860,0,1687242655862
0,1687242655952,0,1687242655953,0,1687242655915,0,1687242655918
0,1687242656008,0,1687242656009,0,1687242655972,0,1687242655974
0,1687242656063,0,1687242656064,0,1687242656028,1,1687242656029
0,1687242656120,0,1687242656120,0,1687242656083,1,1687242656084
0,1687242656175,0,1687242656175,0,1687242656138,1,1687242656141
0,1687242656231,0,1687242656231,0,1687242656194,1,1687242656196
0,1687242656286,0,1687242656287,0,1687242656250,1,1687242656252
0,1687242656342,0,1687242656343,0,1687242656306,1,1687242656307
0,1687242656398,0,1687242656398,0,1687242656361,1,1687242656363
0,1687242656457,0,1687242656454,0,1687242656420,1,1687242656419
0,1687242656510,0,1687242656510,0,1687242656473,1,1687242656475
0,1687242656564,0,1687242656565,0,1687242656528,1,1687242656531
0,1687242656621,0,1687242656621,0,1687242656584,1,1687242656586
0,1687242656676,0,1687242656676,0,1687242656639,1,1687242656642
0,1687242656732,0,1687242656734,0,1687242656695,1,1687242656698
0,1687242656787,0,1687242656788,0,1687242656752,1,1687242656754
0,1687242656843,0,1687242656844,0,1687242656807,1,1687242656809
0,1687242656899,0,1687242656901,0,1687242656863,1,1687242656864
0,1687242656955,0,1687242656956,0,1687242656918,1,1687242656920
0,1687242657011,0,1687242657012,0,1687242656974,1,1687242656976
0,1687242657066,0,1687242657068,0,1687242657030,1,1687242657032
0,1687242657123,0,1687242657124,0,1687242657086,1,1687242657087
0,1687242657178,0,1687242657178,0,1687242657141,1,1687242657143
0,1687242657233,0,1687242657233,0,1687242657196,1,1687242657199
0,1687242657289,0,1687242657290,0,1687242657253,1,1687242657254
0,1687242657344,0,1687242657346,0,1687242657308,1,1687242657310
0,1687242657401,0,1687242657401,0,1687242657364,1,1687242657365
0,1687242657456,0,1687242657456,0,1687242657419,1,1687242657421
0,1687242657512,0,1687242657512,0,1687242657475,1,1687242657477
0,1687242657567,0,1687242657568,0,1687242657531,1,1687242657533
0,1687242657623,0,1687242657624,0,1687242657587,1,1687242657589
0,1687242657679,0,1687242657679,0,1687242657642,1,1687242657644
0,1687242657734,0,1687242657735,0,1687242657698,1,1687242657700
0,1687242657790,0,1687242657791,0,1687242657754,1,1687242657756
0,1687242657845,0,1687242657846,0,1687242657810,1,1687242657811
0,1687242657902,0,1687242657902,0,1687242657865,1,1687242657867
0,1687242657957,0,1687242657957,0,1687242657921,1,1687242657922
0,1687242658013,0,1687242658013,0,1687242657976,1,1687242657979
0,1687242658068,0,1687242658070,0,1687242658033,1,1687242658034
0,1687242658124,0,1687242658125,0,1687242658088,1,1687242658090
0,1687242658180,0,1687242658180,0,1687242658144,1,1687242658145
0,1687242658236,0,1687242658236,0,1687242658199,1,1687242658201
0,1687242658293,0,1687242658292,0,1687242658254,1,1687242658257
0,1687242658347,0,1687242658348,0,1687242658311,1,1687242658313
0,1687242658402,0,1687242658404,0,1687242658366,1,1687242658368
0,1687242658459,0,1687242658459,0,1687242658422,1,1687242658423
0,1687242658515,0,1687242658514,0,1687242658477,1,1687242658480
0,1687242658570,0,1687242658570,0,1687242658533,1,1687242658535
0,1687242658625,0,1687242658626,0,1687242658589,1,1687242658592
0,1687242658681,0,1687242658682,0,1687242658645,1,1687242658646
0,1687242658737,0,1687242658737,0,1687242658700,1,1687242658702
0,1687242658793,0,1687242658793,0,1687242658756,1,1687242658758
0,1687242658848,0,1687242658849,0,1687242658812,1,1687242658814
0,1687242658904,0,1687242658905,0,1687242658868,1,1687242658870
0,1687242658960,0,1687242658960,0,1687242658923,1,1687242658925
0,1687242659015,0,1687242659016,0,1687242658979,1,1687242658981
0,1687242659071,0,1687242659072,0,1687242659034,1,1687242659037
0,1687242659126,0,1687242659128,0,1687242659091,1,1687242659093
0,1687242659183,0,1687242659183,0,1687242659147,1,1687242659148
0,1687242659238,0,1687242659239,0,1687242659202,1,1687242659203
0,1687242659294,0,1687242659294,0,1687242659257,1,1687242659260
0,1687242659350,0,1687242659350,0,1687242659313,1,1687242659315
0,1687242659405,0,1687242659406,0,1687242659369,1,1687242659371
0,1687242659461,0,1687242659461,0,1687242659424,1,1687242659426
0,1687242659517,0,1687242659517,0,1687242659480,1,1687242659482
0,1687242659573,0,1687242659573,0,1687242659535,1,1687242659538
0,1687242659628,0,1687242659630,0,1687242659592,1,1687242659593
0,1687242659683,0,1687242659685,0,1687242659647,1,1687242659649
0,1687242659740,0,1687242659742,0,1687242659703,1,1687242659705
0,1687242659795,0,1687242659796,0,1687242659758,1,1687242659761
0,1687242659852,0,1687242659853,0,1687242659814,1,1687242659818
0,1687242659906,0,1687242659909,0,1687242659870,1,1687242659872
0,1687242659963,1,1687242659964,0,1687242659926,1,1687242659927
0,1687242660019,1,1687242660020,0,1687242659981,1,1687242659983
0,1687242660075,1,1687242660075,0,1687242660037,1,1687242660039
0,1687242660130,1,1687242660131,0,1687242660095,0,1687242660095
0,1687242660185,1,1687242660187,0,1687242660150,0,1687242660150
0,1687242660242,1,1687242660243,0,1687242660204,0,1687242660205
0,1687242660297,1,1687242660298,0,1687242660260,0,1687242660261
0,1687242660353,1,1687242660354,0,1687242660315,0,1687242660318
0,1687242660408,1,1687242660408,0,1687242660372,0,1687242660373
0,1687242660464,1,1687242660464,0,1687242660428,0,1687242660429
0,1687242660520,1,1687242660520,0,1687242660483,0,1687242660495
0,1687242660578,1,1687242660575,0,1687242660538,0,1687242660555
0,1687242660631,1,1687242660631,0,1687242660594,0,1687242660610
0,1687242660686,1,1687242660687,0,1687242660654,0,1687242660665
0,1687242660743,1,1687242660742,0,1687242660709,0,1687242660722
0,1687242660798,1,1687242660798,0,1687242660762,0,1687242660777
0,1687242660854,1,1687242660854,0,1687242660816,0,1687242660833
0,1687242660910,1,1687242660911,0,1687242660873,0,1687242660888
0,1687242660965,1,1687242660966,0,1687242660928,0,1687242660944
0,1687242661022,1,1687242661021,0,1687242660984,0,1687242661000
0,1687242661077,1,1687242661076,0,1687242661039,0,1687242661055
0,1687242661132,1,1687242661133,0,1687242661095,0,1687242661111
0,1687242661187,1,1687242661189,0,1687242661151,0,1687242661166
0,1687242661243,1,1687242661244,0,1687242661207,0,1687242661222
0,1687242661300,0,1687242661300,0,1687242661263,0,1687242661278
0,1687242661355,0,1687242661354,0,1687242661318,0,1687242661334
0,1687242661411,0,1687242661411,0,1687242661374,0,1687242661390
0,1687242661466,0,1687242661467,0,1687242661430,0,1687242661445
0,1687242661522,0,1687242661522,0,1687242661486,0,1687242661501
0,1687242661578,0,1687242661578,0,1687242661541,1,1687242661557
0,1687242661634,0,1687242661633,0,1687242661596,1,1687242661612
0,1687242661689,0,1687242661690,0,1687242661652,1,1687242661668
0,1687242661744,0,1687242661745,0,1687242661708,1,1687242661723
0,1687242661801,0,1687242661801,0,1687242661764,1,1687242661780
0,1687242661856,0,1687242661856,0,1687242661819,1,1687242661835
0,1687242661912,0,1687242661913,0,1687242661875,1,1687242661891
0,1687242661967,0,1687242661968,0,1687242661931,1,1687242661946
0,1687242662023,0,1687242662024,0,1687242661986,1,1687242662002
0,1687242662080,0,1687242662080,0,1687242662042,1,1687242662058
0,1687242662135,0,1687242662135,0,1687242662098,1,1687242662114
0,1687242662191,0,1687242662191,0,1687242662154,1,1687242662169
0,1687242662246,0,1687242662247,0,1687242662209,1,1687242662225
0,1687242662302,0,1687242662303,0,1687242662265,1,1687242662281
0,1687242662358,0,1687242662357,0,1687242662321,1,1687242662336
0,1687242662416,0,1687242662413,0,1687242662376,1,1687242662392
0,1687242662469,0,1687242662469,0,1687242662432,1,1687242662448
0,1687242662524,0,1687242662525,0,1687242662489,1,1687242662503
0,1687242662581,0,1687242662581,0,1687242662544,1,1687242662560
0,1687242662636,0,1687242662636,0,1687242662599,1,1687242662615
0,1687242662692,0,1687242662692,0,1687242662655,1,1687242662671
0,1687242662747,0,1687242662749,0,1687242662711,1,1687242662726
0,1687242662803,0,1687242662804,0,1687242662767,1,1687242662782
0,1687242662859,0,1687242662860,0,1687242662822,1,1687242662838
0,1687242662915,0,1687242662917,0,1687242662877,1,1687242662894
0,1687242662970,0,1687242662972,0,1687242662933,1,1687242662949
0,1687242663026,0,1687242663027,0,1687242662989,1,1687242663004
0,1687242663082,0,1687242663087,0,1687242663045,1,1687242663060
0,1687242663137,0,1687242663138,0,1687242663100,1,1687242663116
0,1687242663193,1,1687242663194,0,1687242663156,1,1687242663172
0,1687242663248,1,1687242663250,0,1687242663212,1,1687242663227
0,1687242663304,1,1687242663306,0,1687242663269,1,1687242663283
0,1687242663361,1,1687242663362,0,1687242663323,1,1687242663339
0,1687242663416,1,1687242663417,0,1687242663378,1,1687242663395
0,1687242663471,1,1687242663474,0,1687242663435,1,1687242663450
0,1687242663527,1,1687242663529,0,1687242663491,1,1687242663506
0,1687242663582,1,1687242663584,0,1687242663546,1,1687242663561
0,1687242663639,1,1687242663639,0,1687242663602,1,1687242663618
0,1687242663694,1,1687242663695,0,1687242663657,1,1687242663674
0,1687242663750,1,1687242663750,0,1687242663713,1,1687242663729
0,1687242663805,1,1687242663806,0,1687242663769,1,1687242663784
0,1687242663862,1,1687242663862,0,1687242663825,1,1687242663840
0,1687242663918,1,1687242663917,0,1687242663880,1,1687242663896
0,1687242663974,1,1687242663973,0,1687242663935,1,1687242663952
0,1687242664029,0,1687242664029,0,1687242663992,1,1687242664007
0,1687242664085,0,1687242664084,0,1687242664047,1,1687242664063
0,1687242664140,0,1687242664142,0,1687242664103,1,1687242664119
0,1687242664195,0,1687242664196,0,1687242664158,1,1687242664175
0,1687242664251,0,1687242664253,0,1687242664214,1,1687242664230
0,1687242664307,0,1687242664308,0,1687242664270,1,1687242664285
0,1687242664363,0,1687242664364,0,1687242664329,1,1687242664342
0,1687242664419,0,1687242664418,0,1687242664381,1,1687242664397
0,1687242664474,0,1687242664473,0,1687242664437,1,1687242664453
0,1687242664531,0,1687242664530,0,1687242664493,1,1687242664508
0,1687242664586,0,1687242664587,0,1687242664548,1,1687242664564
0,1687242664643,0,1687242664643,0,1687242664604,1,1687242664620
0,1687242664697,0,1687242664698,0,1687242664659,1,1687242664676
0,1687242664753,0,1687242664754,0,1687242664715,1,1687242664731
0,1687242664808,0,1687242664810,0,1687242664771,1,1687242664786
0,1687242664863,0,1687242664866,0,1687242664827,1,1687242664842
0,1687242664920,0,1687242664921,0,1687242664883,0,1687242664898
0,1687242664975,0,1687242664976,0,1687242664938,0,1687242664954
0,1687242665031,0,1687242665033,0,1687242664994,0,1687242665010
0,1687242665086,0,1687242665088,0,1687242665050,0,1687242665065
0,1687242665142,0,1687242665144,0,1687242665106,0,1687242665121
0,1687242665198,0,1687242665199,0,1687242665161,0,1687242665177
1,1687242665254,0,1687242665255,0,1687242665216,0,1687242665233
1,1687242665309,0,1687242665311,0,1687242665272,0,1687242665288
1,1687242665365,0,1687242665366,0,1687242665328,0,1687242665343
1,1687242665421,0,1687242665422,0,1687242665384,0,1687242665400
1,1687242665476,0,1687242665478,0,1687242665439,0,1687242665456
1,1687242665532,0,1687242665534,0,1687242665495,0,1687242665511
1,1687242665587,0,1687242665588,0,1687242665551,0,1687242665566
1,1687242665643,0,1687242665643,0,1687242665607,0,1687242665622
1,1687242665699,0,1687242665700,0,1687242665663,0,1687242665678
1,1687242665755,0,1687242665754,0,1687242665717,0,1687242665734
1,1687242665811,0,1687242665811,0,1687242665774,0,1687242665789
1,1687242665866,0,1687242665867,0,1687242665829,0,1687242665845
1,1687242665922,0,1687242665923,0,1687242665885,0,1687242665901
1,1687242665978,0,1687242665979,0,1687242665940,0,1687242665956
1,1687242666033,0,1687242666035,0,1687242665996,0,1687242666013
1,1687242666089,0,1687242666091,0,1687242666052,0,1687242666068
1,1687242666144,0,1687242666146,0,1687242666108,0,1687242666123
1,1687242666201,0,1687242666202,0,1687242666164,0,1687242666180
1,1687242666256,0,1687242666257,0,1687242666219,0,1687242666235
1,1687242666312,0,1687242666313,0,1687242666274,0,1687242666291
1,1687242666367,0,1687242666369,0,1687242666331,0,1687242666346
1,1687242666423,0,1687242666425,0,1687242666386,0,1687242666402
1,1687242666480,0,1687242666480,0,1687242666442,0,1687242666458
1,1687242666534,0,1687242666536,0,1687242666497,0,1687242666514
1,1687242666590,0,1687242666592,0,1687242666554,0,1687242666570
1,1687242666646,0,1687242666647,0,1687242666613,0,1687242666625
1,1687242666702,0,1687242666703,0,1687242666665,0,1687242666681
1,1687242666758,0,1687242666758,0,1687242666720,0,1687242666736
1,1687242666813,0,1687242666814,0,1687242666776,0,1687242666793
1,1687242666868,0,1687242666871,0,1687242666832,0,1687242666847
1,1687242666924,0,1687242666925,0,1687242666888,0,1687242666903
1,1687242666980,0,1687242666981,0,1687242666943,0,1687242666960
1,1687242667036,0,1687242667036,0,1687242666999,0,1687242667015
1,1687242667092,0,1687242667092,0,1687242667054,0,1687242667071
1,1687242667147,0,1687242667147,0,1687242667111,0,1687242667126
1,1687242667202,0,1687242667203,0,1687242667166,0,1687242667181
0,1687242667259,0,1687242667258,1,1687242667222,0,1687242667237
0,1687242667314,0,1687242667314,1,1687242667277,0,1687242667293
0,1687242667370,0,1687242667371,1,1687242667333,0,1687242667349
0,1687242667425,0,1687242667426,1,1687242667389,0,1687242667404
0,1687242667481,0,1687242667482,1,1687242667445,0,1687242667460
0,1687242667537,0,1687242667537,1,1687242667500,0,1687242667516
0,1687242667593,0,1687242667592,1,1687242667555,0,1687242667572
0,1687242667648,0,1687242667649,1,1687242667612,0,1687242667627
0,1687242667704,0,1687242667704,1,1687242667667,0,1687242667683
0,1687242667760,0,1687242667760,1,1687242667723,0,1687242667739
0,1687242667816,0,1687242667815,1,1687242667778,0,1687242667794
0,1687242667871,0,1687242667872,1,1687242667835,0,1687242667850
0,1687242667926,0,1687242667927,1,1687242667890,0,1687242667905
0,1687242667983,0,1687242667983,1,1687242667946,0,1687242667962
0,1687242668039,0,1687242668038,1,1687242668002,0,1687242668017
0,1687242668094,0,1687242668094,1,1687242668057,0,1687242668073
0,1687242668150,0,1687242668150,1,1687242668113,0,1687242668129
0,1687242668205,0,1687242668206,1,1687242668169,0,1687242668184
0,1687242668261,0,1687242668261,1,1687242668224,0,1687242668240
0,1687242668317,0,1687242668316,1,1687242668280,0,1687242668296
0,1687242668372,1,1687242668373,1,1687242668335,0,1687242668352
0,1687242668428,1,1687242668429,1,1687242668391,0,1687242668407
0,1687242668483,1,1687242668485,0,1687242668447,0,1687242668463
0,1687242668540,1,1687242668541,0,1687242668503,0,1687242668520
0,1687242668595,1,1687242668596,0,1687242668562,0,1687242668574
0,1687242668651,1,1687242668653,0,1687242668615,0,1687242668630
0,1687242668706,1,1687242668708,0,1687242668670,0,1687242668685
0,1687242668762,1,1687242668764,0,1687242668726,0,1687242668742
0,1687242668819,1,1687242668819,0,1687242668781,0,1687242668797
0,1687242668874,1,1687242668873,0,1687242668836,0,1687242668853
0,1687242668929,1,1687242668930,0,1687242668893,0,1687242668909
0,1687242668984,1,1687242668985,0,1687242668948,0,1687242668964
0,1687242669041,1,1687242669041,0,1687242669004,0,1687242669020
0,1687242669097,1,1687242669096,0,1687242669059,0,1687242669078
0,1687242669152,1,1687242669152,0,1687242669115,0,1687242669132
0,1687242669209,1,1687242669209,0,1687242669171,0,1687242669186
0,1687242669263,1,1687242669264,0,1687242669227,0,1687242669242
0,1687242669320,1,1687242669320,0,1687242669283,0,1687242669298
0,1687242669375,1,1687242669375,0,1687242669338,0,1687242669354
0,1687242669431,1,1687242669431,0,1687242669394,0,1687242669410
0,1687242669486,0,1687242669488,0,1687242669450,0,1687242669465
0,1687242669542,0,1687242669543,0,1687242669505,0,1687242669521
0,1687242669598,0,1687242669599,0,1687242669561,0,1687242669577
0,1687242669653,0,1687242669654,0,1687242669616,0,1687242669633
0,1687242669710,0,1687242669711,0,1687242669673,0,1687242669688
0,1687242669764,0,1687242669766,0,1687242669728,0,1687242669743
0,1687242669821,0,1687242669822,0,1687242669784,0,1687242669800
0,1687242669876,0,1687242669877,0,1687242669839,0,1687242669855
0,1687242669932,0,1687242669934,0,1687242669895,0,1687242669912
0,1687242669987,0,1687242669990,0,1687242669951,0,1687242669966
0,1687242670043,0,1687242670045,0,1687242670006,0,1687242670022
0,1687242670099,0,1687242670101,0,1687242670062,0,1687242670078
0,1687242670155,0,1687242670156,0,1687242670117,0,1687242670134
0,1687242670210,0,1687242670212,0,1687242670173,0,1687242670189
0,1687242670266,0,1687242670268,0,1687242670229,0,1687242670245
0,1687242670322,0,1687242670324,0,1687242670285,0,1687242670301
0,1687242670378,0,1687242670378,0,1687242670340,0,1687242670356
0,1687242670433,0,1687242670434,0,1687242670396,0,1687242670412
0,1687242670489,0,1687242670491,0,1687242670452,0,1687242670468
0,1687242670544,0,1687242670546,0,1687242670508,0,1687242670523
0,1687242670600,0,1687242670602,0,1687242670564,0,1687242670580
0,1687242670656,0,1687242670658,0,1687242670619,0,1687242670635
0,1687242670712,0,1687242670713,0,1687242670674,0,1687242670691
0,1687242670767,0,1687242670769,0,1687242670731,0,1687242670746
0,1687242670822,0,1687242670825,0,1687242670786,0,1687242670801
0,1687242670879,0,1687242670880,0,1687242670842,0,1687242670858
0,1687242670934,0,1687242670935,0,1687242670897,0,1687242670913
0,1687242670990,0,1687242670992,0,1687242670954,0,1687242670970
0,1687242671045,0,1687242671046,0,1687242671009,0,1687242671024
0,1687242671102,0,1687242671102,0,1687242671065,0,1687242671081
0,1687242671157,1,1687242671157,0,1687242671120,0,1687242671136
0,1687242671213,1,1687242671213,0,1687242671176,0,1687242671192
0,1687242671268,1,1687242671269,0,1687242671232,0,1687242671247
0,1687242671324,1,1687242671325,0,1687242671287,0,1687242671303
0,1687242671380,1,1687242671380,0,1687242671343,0,1687242671359
0,1687242671436,1,1687242671435,0,1687242671398,0,1687242671415
0,1687242671492,1,1687242671491,0,1687242671455,0,1687242671470
0,1687242671546,1,1687242671547,0,1687242671511,0,1687242671526
0,1687242671603,1,1687242671603,0,1687242671566,0,1687242671582
0,1687242671659,1,1687242671658,0,1687242671622,0,1687242671638
0,1687242671714,1,1687242671714,0,1687242671677,0,1687242671693
0,1687242671770,1,1687242671770,0,1687242671733,0,1687242671749
0,1687242671825,1,1687242671826,0,1687242671789,0,1687242671804
0,1687242671881,1,1687242671881,0,1687242671845,0,1687242671860
0,1687242671940,1,1687242671937,0,1687242671900,0,1687242671916
0,1687242671993,1,1687242671993,0,1687242671955,0,1687242671972
0,1687242672048,1,1687242672049,0,1687242672012,0,1687242672027
0,1687242672103,1,1687242672104,0,1687242672067,0,1687242672083
0,1687242672160,1,1687242672160,0,1687242672123,0,1687242672139
0,1687242672216,1,1687242672216,0,1687242672178,0,1687242672194
0,1687242672271,1,1687242672273,0,1687242672235,0,1687242672250
0,1687242672326,1,1687242672329,0,1687242672290,0,1687242672305
0,1687242672382,1,1687242672384,0,1687242672349,0,1687242672361
0,1687242672439,1,1687242672439,0,1687242672402,0,1687242672417
0,1687242672494,1,1687242672495,0,1687242672457,0,1687242672473
0,1687242672549,1,1687242672551,0,1687242672513,0,1687242672529
0,1687242672605,1,1687242672607,0,1687242672568,0,1687242672584
0,1687242672661,1,1687242672663,0,1687242672624,0,1687242672640
0,1687242672717,1,1687242672716,0,1687242672679,0,1687242672696
0,1687242672772,1,1687242672773,0,1687242672735,0,1687242672751
0,1687242672828,1,1687242672828,0,1687242672791,0,1687242672806
0,1687242672883,1,1687242672884,0,1687242672847,0,1687242672862
0,1687242672939,1,1687242672939,0,1687242672903,0,1687242672918
0,1687242672995,1,1687242672995,0,1687242672958,0,1687242672974
0,1687242673051,1,1687242673051,0,1687242673014,0,1687242673030
0,1687242673106,1,1687242673107,0,1687242673070,0,1687242673085
0,1687242673162,1,1687242673162,0,1687242673125,0,1687242673142
0,1687242673218,1,1687242673218,0,1687242673181,0,1687242673198
0,1687242673274,1,1687242673273,0,1687242673236,0,1687242673253
0,1687242673329,1,1687242673330,0,1687242673293,0,1687242673308
0,1687242673384,1,1687242673387,0,1687242673348,0,1687242673363
0,1687242673441,1,1687242673443,0,1687242673404,0,1687242673420
0,1687242673496,1,1687242673497,0,1687242673459,0,1687242673475
0,1687242673552,1,1687242673553,0,1687242673515,0,1687242673531
0,1687242673607,1,1687242673609,0,1687242673571,0,1687242673586
0,1687242673663,1,1687242673665,0,1687242673627,0,1687242673642
0,1687242673719,1,1687242673721,0,1687242673683,0,1687242673698
0,1687242673775,1,1687242673776,0,1687242673737,0,1687242673754
0,1687242673830,1,1687242673831,0,1687242673794,0,1687242673810
0,1687242673886,1,1687242673886,0,1687242673849,0,1687242673865
0,1687242673942,0,1687242673942,0,1687242673905,0,1687242673921
0,1687242673998,0,1687242673997,0,1687242673961,0,1687242673976
0,1687242674053,0,1687242674053,0,1687242674019,0,1687242674032
0,1687242674109,0,1687242674109,0,1687242674073,0,1687242674087
1,1687242674164,0,1687242674165,0,1687242674128,0,1687242674143
1,1687242674220,0,1687242674220,0,1687242674184,0,1687242674199
1,1687242674276,0,1687242674276,0,1687242674239,0,1687242674255
1,1687242674332,0,1687242674332,0,1687242674294,0,1687242674311
1,1687242674387,0,1687242674388,0,1687242674351,0,1687242674366
1,1687242674443,0,1687242674444,0,1687242674406,0,1687242674422
1,1687242674499,0,1687242674500,0,1687242674462,0,1687242674478
1,1687242674555,0,1687242674555,0,1687242674517,0,1687242674533
1,1687242674611,0,1687242674612,0,1687242674574,0,1687242674589
1,1687242674666,0,1687242674669,0,1687242674629,0,1687242674644
1,1687242674722,0,1687242674723,0,1687242674685,0,1687242674701
1,1687242674778,0,1687242674778,0,1687242674740,0,1687242674757
1,1687242674833,0,1687242674834,0,1687242674796,0,1687242674812
1,1687242674888,0,1687242674891,0,1687242674852,0,1687242674868
1,1687242674944,0,1687242674946,0,1687242674907,0,1687242674923
1,1687242675000,0,1687242675002,0,1687242674963,0,1687242674979
1,1687242675056,0,1687242675056,0,1687242675019,0,1687242675035
1,1687242675112,0,1687242675113,0,1687242675075,0,1687242675090
1,1687242675167,0,1687242675168,0,1687242675130,0,1687242675146
1,1687242675223,0,1687242675223,0,1687242675187,0,1687242675202
1,1687242675279,0,1687242675278,0,1687242675242,0,1687242675258
1,1687242675334,0,1687242675335,0,1687242675297,0,1687242675313
1,1687242675390,0,1687242675392,0,1687242675354,0,1687242675369
1,1687242675445,0,1687242675447,0,1687242675409,0,1687242675424
1,1687242675501,0,1687242675503,0,1687242675465,0,1687242675481
1,1687242675558,0,1687242675558,0,1687242675520,0,1687242675536
1,1687242675613,0,1687242675614,0,1687242675575,0,1687242675592
1,1687242675668,0,1687242675670,0,1687242675632,0,1687242675647
0,1687242675724,0,1687242675726,0,1687242675687,0,1687242675703
0,1687242675781,1,1687242675781,0,1687242675744,0,1687242675759
0,1687242675836,1,1687242675837,0,1687242675798,0,1687242675814
0,1687242675891,1,1687242675892,0,1687242675854,0,1687242675870
0,1687242675946,1,1687242675949,0,1687242675911,0,1687242675925
0,1687242676003,1,1687242676004,0,1687242675966,0,1687242675982
0,1687242676058,1,1687242676059,0,1687242676022,0,1687242676038
0,1687242676114,1,1687242676115,0,1687242676076,0,1687242676093
0,1687242676170,1,1687242676171,0,1687242676133,0,1687242676149
0,1687242676225,1,1687242676227,0,1687242676189,0,1687242676204
0,1687242676281,1,1687242676283,0,1687242676247,0,1687242676260
0,1687242676337,1,1687242676339,0,1687242676299,0,1687242676316
0,1687242676392,1,1687242676394,0,1687242676355,0,1687242676371
0,1687242676448,1,1687242676450,0,1687242676412,0,1687242676427
0,1687242676504,1,1687242676505,0,1687242676467,0,1687242676482
0,1687242676559,1,1687242676561,0,1687242676523,0,1687242676539
0,1687242676615,1,1687242676616,0,1687242676578,0,1687242676594
0,1687242676671,1,1687242676672,0,1687242676634,0,1687242676650
0,1687242676726,1,1687242676728,0,1687242676690,0,1687242676705
0,1687242676782,1,1687242676782,0,1687242676745,0,1687242676761
0,1687242676838,1,1687242676838,0,1687242676803,0,1687242676818
0,1687242676894,1,1687242676893,0,1687242676856,0,1687242676872
0,1687242676949,1,1687242676950,0,1687242676913,0,1687242676929
0,1687242677004,1,1687242677005,0,1687242676968,0,1687242676984
0,1687242677061,1,1687242677061,0,1687242677025,0,1687242677040
0,1687242677116,0,1687242677116,0,1687242677079,0,1687242677095
0,1687242677172,0,1687242677173,0,1687242677135,0,1687242677151
0,1687242677227,0,1687242677228,0,1687242677191,0,1687242677206
0,1687242677283,0,1687242677284,0,1687242677247,0,1687242677262
0,1687242677339,0,1687242677339,0,1687242677303,0,1687242677318
0,1687242677395,0,1687242677394,0,1687242677357,0,1687242677374
0,1687242677451,0,1687242677451,0,1687242677414,0,1687242677430
0,1687242677506,0,1687242677507,0,1687242677470,0,1687242677485
0,1687242677562,0,1687242677562,0,1687242677525,0,1687242677541
0,1687242677618,0,1687242677618,0,1687242677581,0,1687242677597
0,1687242677677,0,1687242677673,0,1687242677636,0,1687242677652
0,1687242677729,0,1687242677730,0,1687242677692,0,1687242677708
0,1687242677785,0,1687242677785,0,1687242677748,0,1687242677763
0,1687242677840,0,1687242677841,0,1687242677804,0,1687242677820
0,1687242677896,0,1687242677896,0,1687242677859,0,1687242677875
0,1687242677952,0,1687242677952,0,1687242677914,0,1687242677931
0,1687242678007,0,1687242678009,0,1687242677971,0,1687242677986
0,1687242678063,0,1687242678065,0,1687242678026,0,1687242678042
0,1687242678119,0,1687242678120,0,1687242678082,0,1687242678098
0,1687242678175,0,1687242678176,0,1687242678137,0,1687242678153
0,1687242678230,0,1687242678232,0,1687242678194,0,1687242678209
0,1687242678285,0,1687242678288,0,1687242678249,0,1687242678265
0,1687242678342,0,1687242678343,0,1687242678305,0,1687242678321
0,1687242678397,0,1687242678399,0,1687242678360,0,1687242678377
0,1687242678453,0,1687242678454,0,1687242678416,0,1687242678432
0,1687242678509,0,1687242678510,0,1687242678472,0,1687242678487
0,1687242678564,0,1687242678566,0,1687242678528,0,1687242678543
0,1687242678620,0,1687242678621,0,1687242678583,0,1687242678599
0,1687242678676,0,1687242678677,0,1687242678638,0,1687242678655
0,1687242678732,0,1687242678733,0,1687242678694,0,1687242678710
0,1687242678787,0,1687242678789,0,1687242678751,0,1687242678766
0,1687242678843,0,1687242678844,0,1687242678806,0,1687242678821
0,1687242678899,0,1687242678900,0,1687242678862,0,1687242678878
0,1687242678955,0,1687242678955,0,1687242678917,0,1687242678933
0,1687242679010,0,1687242679011,0,1687242678973,0,1687242678989
0,1687242679065,0,1687242679066,0,1687242679029,0,1687242679044
0,1687242679121,0,1687242679121,0,1687242679084,0,1687242679100
0,1687242679177,0,1687242679177,0,1687242679140,0,1687242679156
0,1687242679233,0,1687242679233,0,1687242679195,0,1687242679212
0,1687242679288,0,1687242679289,0,1687242679252,0,1687242679267
0,1687242679344,0,1687242679345,0,1687242679307,0,1687242679323
0,1687242679400,0,1687242679401,0,1687242679363,0,1687242679381
0,1687242679455,0,1687242679458,0,1687242679418,0,1687242679435
0,1687242679511,0,1687242679512,0,1687242679475,0,1687242679490
0,1687242679566,0,1687242679567,0,1687242679531,0,1687242679545
0,1687242679623,0,1687242679623,0,1687242679586,0,1687242679601
0,1687242679678,0,1687242679678,0,1687242679642,0,1687242679657
0,1687242679734,0,1687242679734,0,1687242679697,0,1687242679713
0,1687242679789,0,1687242679790,0,1687242679753,0,1687242679768
0,1687242679845,0,1687242679846,0,1687242679809,0,1687242679824
0,1687242679901,0,1687242679901,0,1687242679864,0,1687242679880
0,1687242679957,0,1687242679956,0,1687242679920,0,1687242679936
0,1687242680012,0,1687242680013,0,1687242679975,0,1687242679991
0,1687242680068,0,1687242680069,0,1687242680032,0,1687242680052
0,1687242680123,0,1687242680124,0,1687242680087,0,1687242680105
0,1687242680180,0,1687242680180,0,1687242680142,0,1687242680161
0,1687242680235,0,1687242680235,0,1687242680199,0,1687242680217
0,1687242680291,0,1687242680291,0,1687242680254,1,1687242680273
0,1687242680346,0,1687242680347,0,1687242680310,1,1687242680329
0,1687242680402,0,1687242680403,0,1687242680365,1,1687242680384
0,1687242680458,0,1687242680458,0,1687242680421,1,1687242680440
0,1687242680514,0,1687242680515,0,1687242680476,1,1687242680495
0,1687242680569,0,1687242680571,0,1687242680533,1,1687242680553
0,1687242680625,0,1687242680626,0,1687242680588,1,1687242680603
0,1687242680681,0,1687242680683,0,1687242680644,1,1687242680659
0,1687242680736,0,1687242680738,0,1687242680699,1,1687242680715
0,1687242680792,0,1687242680794,0,1687242680755,1,1687242680771
0,1687242680847,0,1687242680849,0,1687242680811,1,1687242680826
0,1687242680903,0,1687242680907,0,1687242680866,1,1687242680882
0,1687242680960,0,1687242680961,0,1687242680922,1,1687242680938
0,1687242681015,0,1687242681016,0,1687242680978,1,1687242680994
0,1687242681071,0,1687242681072,0,1687242681034,1,1687242681049
0,1687242681126,0,1687242681129,0,1687242681090,1,1687242681104
0,1687242681182,0,1687242681183,0,1687242681145,1,1687242681160
